Stadtgebiet;Bevölkerung;Unter 18-Jährige;Anteil der unter 18-Jährigen in %; 65-Jährige und Ältere;Anteil der 65-Jährigen und Älteren in %;Ausländerinnen und Ausländer;Ausländeranteil in %;Bevölkerung mit Migrations-hintergrund;Anteil der Bevölkerung mit Migrations-hintergrund in %;Unter 18-Jährige mit Migrations-hintergrund;Anteil der unter 18-Jährigen mit Migrations-hintergrund in %;Haushalte;Personen je Haushalt;Einpersonen-haushalte;Anteil der Einpersonen-haushalte in %;Haushalte mit Kindern;Anteil der Haushalte mit Kindern in %;Alleinerziehende;Anteil der Haushalte von Alleinerziehenden in %;Fläche in km²;Bevölkerungs-dichte;Geburten;Sterbefälle;Zuzüge;Zuzüge aus dem Hamburger Umland;Fortzüge;Fortzüge in das Hamburger Umland;Wanderungssaldo;Sozial-versicherungs-pflichtig Beschäftigte (Dez 2013);Beschäftigten-quote in % (Dez 2013);Arbeitslose (Dez 2013);Arbeitslosenanteil in % (Dez 2013);Jüngere Arbeitslose (Dez 2013);Arbeitslosenanteil Jüngerer in % (Dez 2013);Ältere Arbeitslose (Dez 2013);Arbeitslosenanteil Älterer in % (Dez 2013);Leistungs-empfänger/-innen nach SGB II (Dez 2013);Anteil der Leistungs-empfänger/-innen nach SGB II in % (Dez 2013);Unter 15-Jährige in Mindestsicherung (Dez 2013);Anteil der unter 15-Jährigen in Mindestsicherung in % (Dez 2013);Bedarfs-gemeinschaften nach SGB II (Dez 2013);Lohn- und Einkommen-steuerpflichtige (2010);Durchschnitt-liches Einkommen je Steuerpflichtigen in EUR (2010);Wohngebäude (2013);Wohnungen (2013);Bezugsfertige Wohnungen (2013);Wohnungen in Ein- und Zweifamilien-häusern (2013);Anteil der Wohnungen in Ein- und Zweifamilien-häusern in % (2013);Wohnungsgröße in m² (2013);Wohnfläche je Einwohner/-in in m² (2013);Sozialwohnungen (Jan 2014);Sozialwohnungs-anteil in % (Jan 2014);Sozialwohnungen mit Bindungsauslauf bis 2019;Sozialwohnungen mit Bindungsauslauf bis 2019 in %;Preise für Grundstücke in EUR/m² (Jan 2014);Preise für Ein- bzw Zwei-familienhäuser in EUR/m² (Jan 2014);Preise für Eigentums-wohnungen in EUR/m² (Jan 2014);Kindergärten und Vorschulklassen (März 2014);Grundschulen (2013/2014);Schülerinnen und Schüler der Sekundarstufe I (2013/2014);Anteil der Schülerinnen und Schüler in Stadtteilschulen und Schulformen mit mehreren Bildungsgängen in % (2013/2014);Anteil der Schülerinnen und Schüler in Gymnasien in % (2013/2014);Niedergelassene Ärzte (Dez 2013);Allgemeinärzte (Dez 2013);Zahnärzte (Nov 2013);Apotheken (Nov 2013);Private PKW (Jan 2014);PKW-Dichte (Jan 2014)
Hamburg-Altstadt; 1 675    ;  162    ; 9,7    ;  219    ; 13,1    ;  341    ; 20,4    ;  664    ; 39,6    ;  101    ; 62,3    ; 1 229    ; 1,4    ;  888    ; 72,3    ;  107    ; 8,7    ;  40    ; 37,4    ; 1,3    ; 1 300    ;  15    ;  12    ;  283    ;  24    ;  306    ;  21    ;-  23    ;  726;54,9;  71;5,4;  10;5,6;  4;2,5;  186;11,1;  49;36,8;  106; 1 728; 26 493;  90; 1 129;  131;  17;1,5;70,2;47,3;  214;19,0;  54;25,2;.;.;.;  1;  0;  50;60,0;34,0;  139;  34;  49;10;  463;  276
HafenCity; 1 914    ;  241    ; 12,6    ;  215    ; 11,2    ;  338    ; 17,7    ;  582    ; 30,3    ;  113    ; 47,1    ; 1 073    ; 1,9    ;  499    ; 46,5    ;  166    ; 15,5    ;  27    ; 16,3    ; 2,4    ;  790    ;  40    ;  8    ;  375    ;  34    ;  304    ;  29    ;  71    ;  788;53,4;  14;0,9;  0;0,0;  0;0,0;  4;0,2;  0;0,0;  3; 1 041; 81 470;  61; 1 069;  54;  6;0,6;95,2;53,2;  0;0,0;  0;0,0;.;.; 6 465;  2;  1;  28;25,0;75,0;  8;  3;  4;1;  704;  368
Neustadt; 12 301    ; 1 334    ; 10,8    ; 1 710    ; 13,9    ; 2 514    ; 20,4    ; 4 299    ; 34,9    ;  665    ; 50,0    ; 8 584    ; 1,5    ; 5 996    ; 69,9    ;  945    ; 11,0    ;  307    ; 32,5    ; 2,2    ; 5 509    ;  134    ;  79    ; 1 645    ;  89    ; 1 718    ;  144    ;-  73    ; 5 094;53,9;  577;6,1;  31;3,2;  77;5,8; 1 171;9,5;  213;18,7;  831; 6 709; 31 180;  633; 7 272;  0;  66;0,9;62,4;36,9; 1 550;21,3;  307;19,8;.;.;.;  11;  1;  383;56,4;39,4;  155;  19;  64;9; 2 965;  241
St. Pauli; 22 392    ; 2 844    ; 12,7    ; 2 072    ; 9,3    ; 4 987    ; 22,3    ; 8 125    ; 36,3    ; 1 499    ; 52,7    ; 15 133    ; 1,5    ; 10 490    ; 69,3    ; 1 881    ; 12,4    ;  616    ; 32,7    ; 2,3    ; 9 744    ;  274    ;  127    ; 3 270    ;  171    ; 3 134    ;  197    ;  136    ; 8 242;46,3; 1 531;8,6;  89;4,4;  160;8,5; 3 448;15,4;  724;28,9; 2 287; 11 067; 25 615; 1 258; 12 292;  53;  164;1,3;63,8;35,0; 2 185;17,8;  816;37,3;  893;.; 4 822;  19;  1;  737;60,5;32,3;  42;  15;  13;7; 4 262;  190
St. Georg; 10 466    ; 1 031    ; 9,9    ; 1 341    ; 12,8    ; 2 338    ; 22,3    ; 3 790    ; 36,1    ;  533    ; 51,6    ; 6 851    ; 1,5    ; 4 702    ; 68,6    ;  695    ; 10,1    ;  169    ; 24,3    ; 1,8    ; 5 700    ;  108    ;  100    ; 1 834    ;  120    ; 1 932    ;  118    ;-  98    ; 4 091;49,7;  484;5,9;  27;2,5;  71;6,8;  893;8,5;  151;16,8;  619; 5 560; 39 261;  518; 5 669;  46;  56;1,0;70,0;37,9;  838;14,8;  187;22,3; 1 446;.; 4 622;  9;  3;  285;44,2;48,1;  105;  39;  15;8; 2 244;  214
Hammerbrook; 2 170    ;  142    ; 6,5    ;  89    ; 4,1    ;  721    ; 33,2    ; 1 013    ; 46,3    ;  107    ; 76,4    ; 1 492    ; 1,4    ; 1 094    ; 73,3    ;  92    ; 6,2    ;  31    ; 33,7    ; 2,5    ;  881    ;  17    ;  11    ; 1 027    ;  52    ;  940    ;  37    ;  87    ;  937;48,0;  185;9,5;  20;3,4;  12;9,8;  383;17,6;  54;42,2;  309;  844; 22 664;  68; 1 038;  0;  5;0,5;63,8;30,5;  114;11,0;  0;0,0;  0;.;.;  4;  1;  37;78,4;18,9;  0;  0;  10;0;  365;  168
Borgfelde; 7 085    ;  619    ; 8,7    ;  988    ; 13,9    ; 1 726    ; 24,4    ; 2 761    ; 39,0    ;  390    ; 63,6    ; 4 283    ; 1,4    ; 3 013    ; 70,3    ;  370    ; 8,6    ;  113    ; 30,5    ; 0,9    ; 8 200    ;  73    ;  59    ; 1 441    ;  91    ; 1 261    ;  82    ;  180    ; 2 863;51,5;  300;5,4;  35;3,0;  37;6,0;  651;9,2;  126;23,5;  452; 3 496; 23 026;  373; 3 986;  71;  35;0,9;57,0;32,1;  163;4,1;  33;20,2;  534;.; 2 055;  5;  0;  185;61,1;30,3;  5;  2;  3;0; 1 639;  231
Hamm; 37 520    ; 4 079    ; 10,9    ; 5 686    ; 15,2    ; 6 422    ; 17,1    ; 12 336    ; 32,9    ; 2 433    ; 60,0    ; 25 783    ; 1,5    ; 17 631    ; 68,4    ; 2 760    ; 10,7    ;  936    ; 33,9    ; 3,8    ; 9 971    ;  395    ;  316    ; 5 044    ;  465    ; 5 424    ;  586    ;-  380    ; 16 836;59,5; 1 791;6,3;  114;2,6;  233;6,8; 4 066;10,8; 1 034;29,4; 2 494; 20 796; 23 447; 2 288; 22 835;  48;  250;1,1;58,5;35,6; 1 182;5,2;  263;22,3;  321; 2 086; 2 228;  14;  4; 1 099;58,8;35,6;  30;  14;  30;7; 10 272;  274
Horn; 37 614    ; 5 569    ; 14,8    ; 6 188    ; 16,5    ; 8 467    ; 22,5    ; 17 232    ; 45,7    ; 3 900    ; 69,9    ; 22 398    ; 1,7    ; 13 107    ; 58,5    ; 3 478    ; 15,5    ; 1 195    ; 34,4    ; 5,8    ; 6 461    ;  378    ;  382    ; 4 579    ;  365    ; 4 649    ;  529    ;-  70    ; 13 755;51,5; 2 286;8,6;  151;2,9;  306;8,0; 6 452;17,2; 1 816;38,5; 3 606; 17 499; 20 043; 2 749; 19 351;  49;  983;5,1;60,9;31,3; 1 661;8,6;  702;42,3;  266; 2 176; 1 815;  15;  6; 1 730;64,6;28,6;  36;  23;  13;7; 9 945;  264
Billstedt; 69 570    ; 13 398    ; 19,3    ; 12 276    ; 17,6    ; 16 153    ; 23,2    ; 36 713    ; 52,7    ; 9 609    ; 71,9    ; 34 448    ; 2,0    ; 15 626    ; 45,4    ; 7 767    ; 22,5    ; 2 423    ; 31,2    ; 16,8    ; 4 131    ;  760    ;  655    ; 6 094    ;  515    ; 5 870    ;  896    ;  224    ; 22 496;48,6; 4 427;9,6;  396;4,6;  655;7,6; 15 417;22,2; 4 830;43,7; 7 461; 29 057; 21 705; 7 726; 31 220;  75; 6 032;19,3;71,9;32,3; 9 219;29,5; 2 047;22,2;  278; 2 165; 1 793;  24;  9; 4 559;67,1;27,3;  92;  43;  35;11; 21 049;  303
Billbrook; 1 398    ;  367    ; 26,3    ;  116    ; 8,3    ;  900    ; 64,4    ; 1 002    ; 71,3    ;  349    ; 94,6    ;  610    ; 2,0    ;  360    ; 59,0    ;  129    ; 21,1    ;  35    ; 27,1    ; 6,1    ;  228    ;  26    ;  4    ;  446    ;  7    ;  581    ;  20    ;-  135    ;  318;32,4;  129;13,2;  7;3,5;  16;12,7;  372;26,6;  100;33,1;  219;  382; 25 240;  82;  283;  1;  71;25,1;65,5;13,3;  0;0,0;  0;0,0;  178;.;.;  1;  0;  130;73,8;8,5;  0;  0;  0;0;  222;  159
Rothenburgsort; 8 992    ; 1 496    ; 16,6    ; 1 323    ; 14,7    ; 2 353    ; 26,2    ; 4 628    ; 51,4    ; 1 149    ; 76,8    ; 5 145    ; 1,8    ; 3 001    ; 58,3    ;  874    ; 17,0    ;  287    ; 32,8    ; 7,4    ; 1 220    ;  96    ;  98    ; 1 259    ;  93    ; 1 128    ;  136    ;  131    ; 3 134;48,9;  647;10,1;  47;4,2;  79;8,4; 1 927;21,4;  594;47,2;  996; 3 830; 18 976;  516; 4 521;  56;  134;3,0;60,6;30,5;  848;18,8;  295;34,8;  219;.; 2 921;  4;  1;  415;73,0;19,3;  5;  5;  5;2; 2 211;  246
Veddel; 4 709    ;  995    ; 21,1    ;  376    ; 8,0    ; 2 115    ; 44,9    ; 3 323    ; 70,4    ;  918    ; 92,8    ; 2 529    ; 1,9    ; 1 484    ; 58,7    ;  526    ; 20,8    ;  141    ; 26,8    ; 4,4    ; 1 079    ;  59    ;  17    ;  615    ;  47    ;  828    ;  49    ;-  213    ; 1 500;43,1;  353;10,1;  33;4,4;  31;8,8; 1 230;26,1;  396;46,6;  565; 1 910; 14 633;  210; 2 040;  0;  14;0,7;61,0;26,4;  414;20,3;  0;0,0;  157;.;.;  2;  1;  340;71,5;25,0;  1;  1;  3;1;  753;  160
Wilhelmsburg; 52 372    ; 10 943    ; 20,9    ; 7 273    ; 13,9    ; 16 751    ; 32,0    ; 30 209    ; 57,6    ; 8 437    ; 77,2    ; 25 573    ; 2,1    ; 12 415    ; 48,5    ; 5 999    ; 23,5    ; 1 596    ; 26,6    ; 35,3    ; 1 486    ;  692    ;  406    ; 5 414    ;  408    ; 4 720    ;  543    ;  694    ; 16 260;45,2; 3 739;10,4;  328;4,5;  417;8,8; 12 142;23,2; 4 124;45,2; 5 517; 20 153; 20 098; 4 578; 22 096;  174; 3 131;14,2;69,5;29,3; 5 652;25,6; 1 540;27,2;  144; 2 189;.;  21;  8; 3 645;67,7;23,2;  69;  43;  21;9; 12 827;  245
Kleiner Grasbrook und Steinwerder; 1 259    ;  88    ; 7,0    ;  62    ; 4,9    ;  463    ; 36,8    ;  606    ; 48,0    ;  75    ; 86,2    ; 1 004    ; 1,3    ;  788    ; 78,5    ;  53    ; 5,3    ;  27    ; 50,9    ; 12,3    ;  102    ;  4    ;  9    ;  417    ;  38    ;  594    ;  25    ;-  177    ;  416;37,0;  112;10,0;  16;4,4;  8;7,5;  244;19,4;  45;62,5;  175;  621; 11 663;  70;  735;  0;  2;0,3;50,6;29,5;  0;0,0;  0;0,0;.;.;.;  0;  0;  34;76,5;14,7;  0;  0;  0;0;  106;  84
Waltershof und Finkenwerder; 11 662    ; 1 943    ; 16,7    ; 2 244    ; 19,2    ; 1 693    ; 14,5    ; 2 971    ; 25,5    ;  789    ; 40,6    ; 6 148    ; 1,9    ; 3 031    ; 49,3    ; 1 187    ; 19,3    ;  317    ; 26,7    ; 28,6    ;  408    ;  96    ;  133    ;  885    ;  112    ;  872    ;  178    ;  13    ; 4 467;56,7;  427;5,4;  31;2,2;  71;4,9; 1 064;9,1;  302;19,7;  589; 5 842; 29 837; 2 287; 5 755;  1; 1 906;33,1;75,3;37,2;  785;13,6;  228;29,0;  236; 1 976;.;  5;  2;  734;52,2;44,8;  7;  5;  6;3; 4 183;  359
Altona-Altstadt; 28 227    ; 4 151    ; 14,7    ; 3 663    ; 13,0    ; 5 709    ; 20,2    ; 10 475    ; 37,1    ; 2 225    ; 53,6    ; 17 530    ; 1,6    ; 11 126    ; 63,5    ; 2 722    ; 15,5    ;  920    ; 33,8    ; 2,7    ; 10 268    ;  314    ;  272    ; 3 536    ;  206    ; 3 453    ;  243    ;  83    ; 10 419;49,6; 1 612;7,7;  102;4,0;  220;8,2; 3 953;14,0;  928;26,1; 2 467; 14 133; 27 287; 1 582; 15 570;  51;  183;1,2;63,1;34,8; 2 865;18,4;  867;30,3; 1 147;.; 4 022;  30;  4; 1 159;58,2;37,6;  173;  46;  41;9; 6 367;  226
Sternschanze; 7 805    ; 1 111    ; 14,2    ;  805    ; 10,3    ; 1 618    ; 20,7    ; 2 756    ; 35,4    ;  547    ; 49,4    ; 5 027    ; 1,6    ; 3 359    ; 66,8    ;  735    ; 14,6    ;  262    ; 35,6    ; 0,6    ; 14 165    ;  113    ;  113    ; 1 283    ;  39    ; 1 313    ;  56    ;-  30    ; 3 012;50,0;  397;6,6;  25;3,5;  50;9,4;  935;12,0;  234;24,1;  552; 4 108; 28 257;  494; 4 165;  0;  79;1,9;68,2;36,4;  478;11,5;  36;7,5;  893;.;.;  4;  1;  291;53,3;40,5;  36;  9;  5;4; 1 505;  193
Altona-Nord; 21 834    ; 3 337    ; 15,3    ; 2 093    ; 9,6    ; 4 098    ; 18,8    ; 7 617    ; 34,9    ; 1 713    ; 51,4    ; 13 563    ; 1,6    ; 8 615    ; 63,5    ; 2 178    ; 16,1    ;  650    ; 29,8    ; 2,2    ; 10 029    ;  284    ;  106    ; 2 773    ;  181    ; 2 908    ;  213    ;-  135    ; 8 939;52,9; 1 226;7,3;  79;3,9;  146;7,2; 2 754;12,6;  659;23,1; 1 692; 11 411; 27 257; 1 138; 11 636;  0;  116;1,0;63,9;34,1; 1 429;12,3;  244;17,1;  793;.; 4 022;  13;  2;  950;53,6;40,3;  29;  6;  6;5; 5 140;  235
Ottensen; 34 593    ; 5 297    ; 15,3    ; 4 378    ; 12,7    ; 4 666    ; 13,5    ; 8 884    ; 25,7    ; 1 806    ; 34,2    ; 21 315    ; 1,7    ; 13 027    ; 61,1    ; 3 582    ; 16,8    ; 1 100    ; 30,7    ; 2,9    ; 12 087    ;  463    ;  203    ; 4 124    ;  280    ; 3 678    ;  353    ;  446    ; 13 689;53,4; 1 348;5,3;  71;2,5;  182;5,0; 2 505;7,2;  534;11,6; 1 637; 18 369; 36 708; 2 360; 18 932;  305;  405;2,1;70,2;38,4; 1 429;7,5;  376;26,3; 1 185;.; 4 451;  33;  5; 1 469;50,2;46,1;  167;  27;  55;11; 9 533;  276
Bahrenfeld; 27 274    ; 4 105    ; 15,1    ; 4 059    ; 14,9    ; 4 018    ; 14,7    ; 7 596    ; 27,9    ; 1 689    ; 41,3    ; 16 220    ; 1,7    ; 9 636    ; 59,4    ; 2 608    ; 16,1    ;  731    ; 28,0    ; 10,9    ; 2 512    ;  333    ;  253    ; 3 609    ;  279    ; 3 567    ;  402    ;  42    ; 11 313;57,3; 1 175;6,0;  81;3,1;  169;6,7; 2 446;9,0;  524;15,1; 1 627; 14 615; 31 146; 3 473; 14 028;  28; 2 283;16,3;69,1;35,6;  664;4,7;  339;51,1;  558; 4 236; 3 058;  22;  5; 1 275;55,2;41,9;  34;  15;  22;5; 8 413;  308
Groß Flottbek; 10 792    ; 2 203    ; 20,4    ; 2 338    ; 21,7    ; 1 300    ; 12,0    ; 2 250    ; 20,8    ;  602    ; 27,3    ; 5 187    ; 2,1    ; 2 231    ; 43,0    ; 1 297    ; 25,0    ;  191    ; 14,7    ; 2,4    ; 4 471    ;  97    ;  94    ; 1 413    ;  71    ; 1 325    ;  123    ;  88    ; 2 920;44,2;  134;2,0;  4;0,4;  31;2,9;  100;0,9;  15;0,8;  73; 5 108; 81 320; 2 414; 5 175;  36; 2 186;42,2;103,4;49,6;  36;0,7;  0;0,0;  942; 4 615; 3 650;  7;  1;  725;14,6;84,8;  62;  10;  23;5; 4 599;  426
Othmarschen; 12 854    ; 2 402    ; 18,7    ; 3 050    ; 23,7    ; 1 219    ; 9,5    ; 2 520    ; 19,6    ;  643    ; 26,7    ; 6 373    ; 2,0    ; 2 860    ; 44,9    ; 1 424    ; 22,3    ;  215    ; 15,1    ; 6,0    ; 2 137    ;  123    ;  164    ; 1 333    ;  73    ; 1 263    ;  112    ;  70    ; 3 471;44,6;  189;2,4;  7;0,6;  32;2,2;  140;1,1;  17;0,8;  112; 6 512; 104 692; 2 676; 6 203;  13; 2 340;37,7;115,9;55,9;  61;1,0;  0;0,0; 1 247; 5 236; 5 440;  16;  3;  689;13,8;86,1;  37;  8;  7;1; 6 044;  470
Lurup; 35 070    ; 6 769    ; 19,3    ; 6 611    ; 18,9    ; 6 277    ; 17,9    ; 15 104    ; 43,1    ; 4 198    ; 62,3    ; 17 045    ; 2,0    ; 7 453    ; 43,7    ; 3 921    ; 23,0    ; 1 144    ; 29,2    ; 6,4    ; 5 499    ;  340    ;  341    ; 3 558    ;  484    ; 2 654    ;  584    ;  904    ; 11 756;51,4; 1 853;8,1;  196;4,6;  262;6,6; 5 666;16,2; 1 804;32,4; 2 752; 15 116; 24 990; 5 325; 15 584;  266; 5 100;32,7;77,0;34,2; 2 892;18,6; 1 529;52,9;  341; 2 390; 2 192;  19;  4; 2 273;59,5;35,6;  33;  15;  13;6; 11 223;  320
Osdorf; 25 773    ; 5 015    ; 19,5    ; 5 966    ; 23,1    ; 3 831    ; 14,9    ; 9 182    ; 35,6    ; 2 610    ; 52,2    ; 12 897    ; 2,0    ; 5 842    ; 45,3    ; 2 928    ; 22,7    ;  875    ; 29,9    ; 7,3    ; 3 550    ;  257    ;  344    ; 2 455    ;  213    ; 2 110    ;  337    ;  345    ; 7 694;49,5; 1 139;7,3;  104;4,0;  171;6,0; 3 564;13,8; 1 148;26,9; 1 758; 11 385; 42 846; 3 986; 12 367;  139; 3 300;26,7;84,1;40,3; 1 972;15,9;  843;42,7;  656; 3 195; 2 448;  13;  4; 1 506;51,3;44,1;  65;  17;  13;6; 8 997;  349
Nienstedten; 7 271    ; 1 513    ; 20,8    ; 1 821    ; 25,0    ;  749    ; 10,3    ; 1 312    ; 18,1    ;  360    ; 23,9    ; 3 529    ; 2,1    ; 1 550    ; 43,9    ;  859    ; 24,3    ;  128    ; 14,9    ; 4,4    ; 1 656    ;  51    ;  79    ;  805    ;  50    ;  758    ;  87    ;  47    ; 1 629;38,8;  63;1,5;  0;0,0;  16;2,1;  34;0,5;  4;0,3;  29; 3 351; 138 941; 1 786; 3 168;  8; 1 678;53,0;123,4;53,8;  0;0,0;  0;0,0; 1 145; 6 128; 4 962;  8;  1;  472;21,2;76,9;  16;  2;  9;2; 3 555;  489
Blankenese; 13 122    ; 2 351    ; 17,9    ; 3 625    ; 27,6    ; 1 030    ; 7,8    ; 2 123    ; 16,2    ;  556    ; 23,7    ; 6 876    ; 2,0    ; 3 155    ; 45,9    ; 1 358    ; 19,7    ;  245    ; 18,0    ; 8,3    ; 1 590    ;  94    ;  104    ; 1 275    ;  112    ; 1 134    ;  136    ;  141    ; 3 178;42,3;  181;2,4;  3;0,3;  43;2,7;  143;1,1;  24;1,2;  106; 6 166; 101 406; 3 337; 6 645;  52; 3 061;46,1;116,1;58,8;  32;0,5;  0;0,0; 1 455; 5 396; 4 207;  12;  3;  757;22,1;77,5;  94;  27;  25;7; 6 413;  489
Iserbrook; 11 130    ; 1 937    ; 17,4    ; 2 864    ; 25,7    ;  850    ; 7,6    ; 2 171    ; 19,5    ;  579    ; 29,8    ; 5 857    ; 1,9    ; 2 701    ; 46,1    ; 1 205    ; 20,6    ;  302    ; 25,1    ; 2,7    ; 4 189    ;  89    ;  143    ; 1 001    ;  91    ;  810    ;  139    ;  191    ; 3 630;54,2;  288;4,3;  15;1,4;  52;4,3;  585;5,3;  158;10,1;  337; 5 562; 35 790; 2 428; 5 567;  47; 2 259;40,6;83,1;41,6;  132;2,4;  32;24,2;  482; 3 144; 2 593;  8;  3;  677;48,3;48,9;  10;  8;  6;1; 4 590;  412
Sülldorf; 9 137    ; 1 758    ; 19,2    ; 2 026    ; 22,2    ;  875    ; 9,6    ; 1 827    ; 20,0    ;  439    ; 25,0    ; 4 519    ; 2,0    ; 2 047    ; 45,3    ; 1 051    ; 23,3    ;  254    ; 24,2    ; 5,6    ; 1 631    ;  80    ;  75    ;  923    ;  105    ;  842    ;  156    ;  81    ; 2 737;48,3;  250;4,4;  18;1,9;  48;4,8;  517;5,7;  113;7,8;  347; 4 423; 42 532; 2 341; 4 299;  25; 2 212;51,5;90,5;42,6;  287;6,7;  79;27,5;  603; 4 029; 2 687;  3;  1;  631;41,5;56,3;  11;  7;  3;2; 3 588;  393
Rissen; 15 015    ; 2 610    ; 17,4    ; 4 618    ; 30,8    ;  964    ; 6,4    ; 2 267    ; 15,1    ;  592    ; 22,7    ; 7 669    ; 2,0    ; 3 463    ; 45,2    ; 1 567    ; 20,4    ;  274    ; 17,5    ; 16,6    ;  902    ;  101    ;  230    ; 1 211    ;  187    ; 1 038    ;  236    ;  173    ; 4 039;49,2;  261;3,2;  15;1,2;  63;3,6;  453;3,0;  101;4,6;  292; 7 184; 61 866; 3 666; 7 367;  66; 3 403;46,2;98,7;48,4;  178;2,4;  0;0,0;  507; 3 581; 2 665;  8;  2;  899;32,3;66,5;  35;  7;  16;4; 6 519;  434
Eimsbüttel; 56 097    ; 6 791    ; 12,1    ; 6 899    ; 12,3    ; 6 540    ; 11,7    ; 12 213    ; 21,8    ; 2 170    ; 32,1    ; 38 195    ; 1,5    ; 25 988    ; 68,0    ; 4 722    ; 12,4    ; 1 361    ; 28,8    ; 3,2    ; 17 508    ;  761    ;  333    ; 7 099    ;  493    ; 7 010    ;  572    ;  89    ; 24 798;57,4; 1 935;4,5;  74;1,6;  315;5,7; 3 062;5,5;  551;9,2; 2 179; 32 786; 34 493; 3 224; 33 790;  31;  294;0,9;63,7;38,4;  601;1,8;  85;14,1; 1 085; 3 755; 3 768;  62;  9; 1 623;35,9;60,0;  264;  37;  63;13; 15 308;  273
Rotherbaum; 16 091    ; 2 182    ; 13,6    ; 2 425    ; 15,1    ; 2 580    ; 16,0    ; 4 510    ; 28,0    ;  756    ; 34,6    ; 10 492    ; 1,6    ; 6 818    ; 65,0    ; 1 429    ; 13,6    ;  346    ; 24,2    ; 2,7    ; 5 995    ;  191    ;  87    ; 2 514    ;  136    ; 2 373    ;  110    ;  141    ; 5 452;46,4;  393;3,3;  11;0,8;  55;3,2;  507;3,2;  95;5,0;  378; 8 473; 63 460; 1 174; 9 763;  7;  321;3,3;82,4;50,0;  79;0,8;  0;0,0; 2 611; 7 477; 5 312;  18;  2;  591;17,9;79,9;  126;  18;  47;8; 5 351;  333
Harvestehude; 16 875    ; 2 540    ; 15,1    ; 3 502    ; 20,8    ; 1 688    ; 10,0    ; 3 767    ; 22,3    ;  747    ; 29,4    ; 10 391    ; 1,7    ; 6 188    ; 59,6    ; 1 592    ; 15,3    ;  341    ; 21,4    ; 2,0    ; 8 358    ;  172    ;  133    ; 2 080    ;  127    ; 1 949    ;  128    ;  131    ; 5 076;45,3;  409;3,7;  13;1,0;  64;3,2;  549;3,3;  83;3,8;  417; 8 916; 88 273; 1 341; 9 937;  166;  528;5,3;96,8;57,0;  112;1,1;  88;78,6; 2 793; 7 892; 5 900;  16;  1;  761;15,5;83,3;  124;  14;  45;5; 6 673;  395
Hoheluft-West; 13 033    ; 1 597    ; 12,3    ; 1 717    ; 13,2    ; 1 274    ; 9,8    ; 2 437    ; 18,7    ;  400    ; 25,2    ; 8 713    ; 1,5    ; 5 740    ; 65,9    ; 1 133    ; 13,0    ;  308    ; 27,2    ; 0,7    ; 18 888    ;  175    ;  90    ; 1 837    ;  84    ; 1 799    ;  136    ;  38    ; 5 838;58,9;  360;3,6;  16;1,4;  54;4,0;  438;3,4;  69;4,9;  324; 7 865; 37 785;  793; 7 866;  0;  110;1,4;66,4;40,0;  28;0,4;  16;57,1; 1 276;.; 4 067;  8;  1;  422;24,6;74,2;  24;  7;  12;3; 3 796;  291
Lokstedt; 27 493    ; 4 313    ; 15,7    ; 5 668    ; 20,6    ; 3 569    ; 13,0    ; 7 629    ; 27,8    ; 1 849    ; 43,0    ; 14 840    ; 1,8    ; 7 964    ; 53,7    ; 2 665    ; 18,0    ;  622    ; 23,3    ; 4,9    ; 5 659    ;  284    ;  316    ; 4 019    ;  295    ; 2 825    ;  319    ; 1 194    ; 10 121;55,8;  785;4,3;  61;2,1;  114;4,1; 1 912;7,0;  542;14,8; 1 032; 13 775; 37 901; 3 134; 14 576;  388; 2 115;14,5;73,8;39,1; 1 166;8,0; 1 061;91,0;  646; 3 673; 3 171;  20;  4; 1 253;37,5;55,8;  60;  18;  16;7; 9 263;  337
Niendorf; 40 145    ; 6 008    ; 15,0    ; 10 802    ; 26,9    ; 2 745    ; 6,8    ; 7 014    ; 17,5    ; 1 678    ; 28,0    ; 21 516    ; 1,9    ; 10 085    ; 46,9    ; 3 847    ; 17,9    ;  853    ; 22,2    ; 12,7    ; 3 162    ;  307    ;  454    ; 3 084    ;  359    ; 2 682    ;  508    ;  402    ; 14 183;57,9;  826;3,4;  61;1,6;  162;3,3; 1 451;3,6;  303;6,2;  931; 20 942; 38 497; 8 306; 20 427;  92; 7 157;35,0;85,2;43,3;  797;3,9;  532;66,8;  437; 3 036; 2 589;  17;  5; 2 087;40,0;57,7;  88;  19;  39;9; 17 302;  431
Schnelsen; 27 853    ; 5 147    ; 18,5    ; 5 669    ; 20,4    ; 2 903    ; 10,4    ; 7 378    ; 26,5    ; 2 108    ; 41,1    ; 13 586    ; 2,0    ; 5 793    ; 42,6    ; 3 215    ; 23,7    ;  882    ; 27,4    ; 9,0    ; 3 102    ;  211    ;  275    ; 2 514    ;  384    ; 2 298    ;  591    ;  216    ; 10 036;55,4;  918;5,1;  67;2,0;  144;4,5; 2 480;8,9;  749;18,4; 1 289; 13 379; 35 223; 5 584; 12 811;  147; 5 101;39,8;88,4;40,7; 1 794;14,0;  244;13,6;  392; 2 643; 2 288;  21;  4; 1 856;60,7;36,5;  41;  16;  27;6; 11 570;  415
Eidelstedt; 30 935    ; 4 907    ; 15,9    ; 7 149    ; 23,1    ; 4 235    ; 13,7    ; 9 671    ; 31,2    ; 2 482    ; 50,6    ; 16 639    ; 1,9    ; 8 161    ; 49,0    ; 3 057    ; 18,4    ;  864    ; 28,3    ; 8,7    ; 3 560    ;  341    ;  338    ; 2 783    ;  389    ; 2 801    ;  611    ;-  18    ; 10 901;55,1; 1 242;6,3;  100;3,0;  174;4,8; 3 378;10,9; 1 006;25,2; 1 805; 15 112; 27 988; 4 956; 15 343;  30; 4 270;27,8;75,0;37,2; 1 654;10,8;  596;36,0;  348; 2 507; 2 327;  11;  5; 1 550;61,4;34,7;  50;  14;  21;6; 11 082;  358
Stellingen; 23 818    ; 3 117    ; 13,1    ; 4 929    ; 20,7    ; 3 477    ; 14,6    ; 7 031    ; 29,5    ; 1 444    ; 46,6    ; 13 873    ; 1,7    ; 7 999    ; 57,7    ; 2 041    ; 14,7    ;  548    ; 26,8    ; 5,8    ; 4 119    ;  250    ;  248    ; 3 361    ;  265    ; 2 993    ;  446    ;  368    ; 9 300;57,2;  941;5,8;  61;2,4;  141;5,8; 1 927;8,1;  430;16,3; 1 245; 12 062; 30 114; 2 718; 13 182;  48; 1 661;12,6;69,4;38,4;  150;1,1;  59;39,3;  341; 2 720; 2 601;  11;  3;  907;49,4;44,2;  40;  13;  10;3; 8 058;  338
Hoheluft-Ost; 9 331    ; 1 190    ; 12,8    ; 1 428    ; 15,3    ;  981    ; 10,5    ; 1 898    ; 20,4    ;  317    ; 27,0    ; 6 135    ; 1,6    ; 3 896    ; 63,5    ;  815    ; 13,3    ;  224    ; 27,5    ; 0,6    ; 16 060    ;  123    ;  51    ; 1 127    ;  57    ; 1 211    ;  116    ;-  84    ; 3 859;56,3;  263;3,8;  10;1,5;  53;4,9;  334;3,6;  39;3,7;  273; 5 298; 48 162;  624; 5 837;  26;  93;1,6;72,2;45,1;  172;2,9;  74;43,0; 1 623;.; 4 067;  6;  1;  315;23,2;75,9;  162;  46;  17;4; 3 168;  340
Eppendorf; 23 777    ; 3 135    ; 13,2    ; 4 222    ; 17,8    ; 2 100    ; 8,8    ; 4 408    ; 18,5    ;  847    ; 27,1    ; 15 054    ; 1,6    ; 9 464    ; 62,9    ; 2 095    ; 13,9    ;  499    ; 23,8    ; 2,7    ; 8 754    ;  292    ;  205    ; 3 164    ;  211    ; 2 854    ;  187    ;  310    ; 9 581;56,8;  533;3,2;  20;1,0;  105;4,4;  585;2,5;  81;3,0;  456; 13 328; 61 052; 1 619; 13 987;  55;  368;2,6;79,8;47,0;  682;4,9;  71;10,4; 1 767; 5 103; 4 340;  14;  3;  817;21,7;74,5;  147;  25;  41;11; 8 001;  337
Groß Borstel; 8 086    ; 1 279    ; 15,8    ; 1 740    ; 21,5    ;  841    ; 10,4    ; 1 708    ; 21,1    ;  374    ; 29,3    ; 4 599    ; 1,8    ; 2 578    ; 56,1    ;  794    ; 17,3    ;  189    ; 23,8    ; 4,5    ; 1 784    ;  124    ;  89    ;  996    ;  65    ;  867    ;  110    ;  129    ; 2 818;53,3;  253;4,8;  8;1,0;  52;5,1;  498;6,2;  88;8,3;  363; 3 955; 39 426; 1 735; 4 396;  21; 1 563;35,6;74,4;40,4;  255;5,8;  135;52,9;  454; 3 358; 2 379;  8;  2;  420;42,9;53,3;  9;  6;  7;2; 3 135;  388
Alsterdorf; 13 749    ; 2 285    ; 16,6    ; 2 720    ; 19,8    ; 1 608    ; 11,7    ; 3 218    ; 23,4    ;  815    ; 35,8    ; 7 383    ; 1,8    ; 4 019    ; 54,4    ; 1 354    ; 18,3    ;  358    ; 26,4    ; 3,1    ; 4 492    ;  145    ;  168    ; 1 679    ;  118    ; 1 523    ;  135    ;  156    ; 4 658;51,1;  341;3,7;  18;1,4;  57;3,7;  741;5,4;  213;11,1;  434; 6 459; 51 489; 1 933; 7 174;  93; 1 282;17,9;78,0;40,7;  722;10,1;  386;53,5;  627; 3 884; 3 239;  10;  2;  683;35,9;59,2;  34;  9;  11;5; 5 019;  365
Winterhude; 51 549    ; 5 984    ; 11,6    ; 7 765    ; 15,1    ; 5 793    ; 11,2    ; 11 017    ; 21,4    ; 1 874    ; 31,5    ; 33 963    ; 1,5    ; 22 656    ; 66,7    ; 4 056    ; 11,9    ; 1 076    ; 26,5    ; 7,6    ; 6 783    ;  669    ;  359    ; 7 327    ;  503    ; 6 813    ;  646    ;  514    ; 22 515;58,4; 1 440;3,7;  66;1,4;  232;4,6; 2 246;4,4;  416;8,0; 1 596; 29 212; 48 915; 3 510; 31 371;  179;  686;2,2;69,0;42,0;  866;2,8;  423;48,8; 1 942; 4 725; 4 384;  36;  6; 1 598;41,9;55,7;  222;  40;  68;14; 16 896;  328
Uhlenhorst; 16 501    ; 1 827    ; 11,1    ; 3 377    ; 20,5    ; 1 716    ; 10,4    ; 3 603    ; 21,8    ;  632    ; 34,6    ; 10 803    ; 1,6    ; 6 931    ; 64,2    ; 1 267    ; 11,7    ;  283    ; 22,3    ; 2,2    ; 7 583    ;  190    ;  216    ; 2 351    ;  187    ; 1 979    ;  180    ;  372    ; 6 534;56,9;  400;3,5;  10;0,9;  82;4,8;  442;2,7;  60;3,7;  334; 9 688; 57 277; 1 130; 10 117;  131;  197;1,9;77,6;47,6;  0;0,0;  0;0,0; 2 625;.; 4 836;  11;  1;  435;26,2;71,7;  95;  24;  18;4; 6 139;  372
Hohenfelde; 9 149    ;  961    ; 10,5    ; 1 558    ; 17,0    ; 1 470    ; 16,1    ; 2 901    ; 31,8    ;  515    ; 53,7    ; 6 033    ; 1,5    ; 4 082    ; 67,7    ;  617    ; 10,2    ;  168    ; 27,2    ; 1,1    ; 7 990    ;  83    ;  108    ; 1 429    ;  80    ; 1 416    ;  119    ;  13    ; 3 760;55,5;  296;4,4;  17;1,8;  41;4,6;  613;6,7;  134;16,3;  392; 4 973; 36 850;  660; 5 537;  0;  131;2,4;67,3;40,7;  343;6,2;  282;82,2; 1 200;.; 3 987;  3;  0;  252;45,2;48,4;  33;  12;  13;3; 2 648;  289
Barmbek-Süd; 32 782    ; 3 105    ; 9,5    ; 5 100    ; 15,6    ; 3 917    ; 11,9    ; 7 902    ; 24,1    ; 1 368    ; 44,3    ; 22 991    ; 1,4    ; 16 015    ; 69,7    ; 2 239    ; 9,7    ;  775    ; 34,6    ; 3,1    ; 10 713    ;  323    ;  298    ; 4 911    ;  412    ; 4 426    ;  494    ;  485    ; 15 437;61,8; 1 335;5,3;  67;2,1;  216;7,2; 2 377;7,3;  479;17,8; 1 635; 18 800; 28 731; 2 042; 21 156;  270;  112;0,5;58,1;37,5;  643;3,0;  313;48,7;  638;.; 3 116;  24;  3;  809;53,3;43,4;  46;  22;  25;7; 9 545;  291
Dulsberg; 17 234    ; 2 226    ; 12,9    ; 2 038    ; 11,8    ; 3 575    ; 20,7    ; 6 943    ; 40,3    ; 1 578    ; 71,4    ; 11 902    ; 1,5    ; 8 366    ; 70,3    ; 1 408    ; 11,8    ;  651    ; 46,2    ; 1,2    ; 14 519    ;  185    ;  148    ; 2 286    ;  170    ; 2 445    ;  213    ;-  159    ; 7 490;56,4; 1 215;9,2;  82;3,7;  135;8,7; 3 283;19,0;  917;47,7; 1 954; 8 800; 19 453; 1 064; 10 594;  0;  39;0,4;53,2;32,7; 1 016;9,6;  347;34,2;  597;.; 2 218;  8;  1;  663;71,3;23,8;  22;  8;  8;3; 3 820;  222
Barmbek-Nord; 39 890    ; 3 678    ; 9,2    ; 5 633    ; 14,1    ; 4 564    ; 11,4    ; 9 335    ; 23,4    ; 1 605    ; 43,8    ; 28 528    ; 1,4    ; 20 267    ; 71,0    ; 2 605    ; 9,1    ;  849    ; 32,6    ; 3,9    ; 10 192    ;  406    ;  377    ; 5 899    ;  558    ; 5 246    ;  591    ;  653    ; 19 505;62,8; 1 801;5,8;  105;2,4;  235;6,7; 3 510;8,8;  672;21,1; 2 499; 22 404; 25 545; 2 650; 26 315;  130;  261;1,0;56,2;37,1;  667;2,5;  365;54,7;  624;.; 2 612;  11;  2;  964;58,7;38,0;  92;  26;  36;12; 10 706;  268
Ohlsdorf; 15 085    ; 2 282    ; 15,1    ; 2 626    ; 17,4    ; 1 263    ; 8,4    ; 2 826    ; 18,7    ;  591    ; 26,0    ; 8 878    ; 1,7    ; 5 133    ; 57,8    ; 1 434    ; 16,2    ;  359    ; 25,0    ; 7,2    ; 2 105    ;  145    ;  130    ; 1 759    ;  159    ; 1 843    ;  227    ;-  84    ; 5 971;56,7;  444;4,2;  28;2,0;  79;5,0;  914;6,1;  187;9,7;  615; 8 464; 35 324; 2 380; 8 252;  99; 1 718;20,8;72,9;39,9;  395;4,8;  299;75,7;  576; 3 049; 2 527;  8;  1;  649;49,9;47,3;  14;  7;  8;4; 5 245;  348
Fuhlsbüttel; 12 130    ; 1 814    ; 15,0    ; 2 515    ; 20,7    ; 1 090    ; 9,0    ; 2 293    ; 18,9    ;  489    ; 27,2    ; 7 026    ; 1,7    ; 3 832    ; 54,5    ; 1 166    ; 16,6    ;  320    ; 27,4    ; 6,6    ; 1 843    ;  126    ;  110    ; 1 335    ;  119    ; 1 356    ;  220    ;-  21    ; 4 719;58,1;  388;4,8;  30;2,5;  61;4,6;  751;6,2;  180;12,1;  470; 6 507; 35 699; 2 038; 6 650;  4; 1 492;22,4;76,2;41,8;  182;2,7;  41;22,5;  511; 3 584; 2 482;  8;  2;  594;38,6;60,1;  25;  7;  20;4; 4 659;  384
Langenhorn; 42 030    ; 7 112    ; 16,9    ; 8 784    ; 20,9    ; 4 668    ; 11,1    ; 10 659    ; 25,4    ; 2 816    ; 39,8    ; 21 831    ; 1,9    ; 10 557    ; 48,4    ; 4 315    ; 19,8    ; 1 202    ; 27,9    ; 13,8    ; 3 056    ;  367    ;  505    ; 4 117    ;  594    ; 3 823    ;  920    ;  294    ; 15 158;55,1; 1 467;5,3;  146;3,0;  248;5,1; 3 900;9,3; 1 174;20,4; 2 068; 20 413; 28 562; 9 023; 20 189;  154; 8 207;40,7;75,4;36,2; 2 298;11,4; 1 320;57,4;  301; 2 262; 2 117;  23;  6; 2 430;55,1;40,2;  83;  21;  25;10; 15 823;  376
Eilbek; 20 887    ; 2 187    ; 10,5    ; 3 519    ; 16,8    ; 2 662    ; 12,7    ; 5 665    ; 27,1    ; 1 139    ; 52,2    ; 14 178    ; 1,5    ; 9 510    ; 67,1    ; 1 486    ; 10,5    ;  436    ; 29,3    ; 1,7    ; 12 101    ;  216    ;  209    ; 2 798    ;  234    ; 2 701    ;  329    ;  97    ; 9 458;61,1;  821;5,3;  44;2,1;  126;6,3; 1 581;7,6;  359;18,9; 1 018; 12 083; 28 782; 1 526; 12 918;  12;  186;1,4;62,2;38,5;  427;3,3;  30;7,0;  752; 3 419; 3 085;  12;  3;  583;49,2;46,0;  35;  12;  26;4; 6 135;  294
Wandsbek; 33 388    ; 3 938    ; 11,8    ; 6 669    ; 20,0    ; 4 378    ; 13,1    ; 9 731    ; 29,1    ; 2 055    ; 52,4    ; 21 008    ; 1,6    ; 12 903    ; 61,4    ; 2 626    ; 12,5    ;  762    ; 29,0    ; 6,0    ; 5 570    ;  310    ;  337    ; 4 221    ;  387    ; 3 913    ;  490    ;  308    ; 14 082;60,0; 1 409;6,0;  91;2,4;  225;6,5; 2 967;8,9;  713;21,9; 1 826; 17 569; 26 844; 3 864; 19 569;  130; 2 237;11,4;64,7;37,9;  928;4,7;  201;21,7;  384; 2 641; 2 444;  13;  5; 1 134;54,3;41,6;  62;  26;  40;8; 11 241;  337
Marienthal; 12 297    ; 1 756    ; 14,3    ; 2 777    ; 22,6    ; 1 015    ; 8,3    ; 2 687    ; 21,8    ;  621    ; 35,3    ; 6 945    ; 1,8    ; 3 672    ; 52,9    ; 1 154    ; 16,6    ;  232    ; 20,1    ; 3,3    ; 3 780    ;  142    ;  174    ; 1 369    ;  115    ; 1 346    ;  193    ;  23    ; 4 568;57,0;  310;3,9;  19;1,7;  66;4,9;  566;4,6;  124;8,3;  353; 6 676; 51 563; 2 122; 6 489;  13; 1 573;24,2;89,8;47,4;  25;0,4;  24;96,0;  496; 3 299; 2 815;  9;  1;  493;31,4;66,9;  73;  13;  15;5; 5 238;  426
Jenfeld; 24 710    ; 4 624    ; 18,7    ; 4 559    ; 18,5    ; 4 569    ; 18,5    ; 12 414    ; 50,2    ; 3 246    ; 70,4    ; 12 416    ; 2,0    ; 5 869    ; 47,3    ; 2 673    ; 21,5    ;  842    ; 31,5    ; 5,0    ; 4 917    ;  255    ;  255    ; 2 345    ;  165    ; 2 350    ;  350    ;-  5    ; 7 565;46,4; 1 648;10,1;  118;3,5;  266;8,7; 5 143;20,8; 1 683;43,7; 2 440; 10 128; 22 025; 2 615; 10 751;  16; 2 060;19,2;72,7;31,6; 2 197;20,4; 1 099;50,0;  336; 2 258; 1 954;  13;  4; 1 619;64,6;29,7;  30;  13;  18;5; 7 305;  296
Tonndorf; 13 522    ; 2 165    ; 16,0    ; 2 598    ; 19,2    ; 1 735    ; 12,8    ; 4 346    ; 32,2    ; 1 141    ; 53,1    ; 7 595    ; 1,8    ; 4 022    ; 53,0    ; 1 334    ; 17,6    ;  356    ; 26,7    ; 3,9    ; 3 431    ;  147    ;  168    ; 1 495    ;  124    ; 1 422    ;  250    ;  73    ; 5 216;57,4;  572;6,3;  38;2,7;  111;7,6; 1 408;10,4;  415;22,6;  788; 6 840; 30 509; 2 272; 6 944;  78; 1 765;25,4;76,6;39,3;  448;6,5;  293;65,4;  349; 2 463; 1 994;  4;  1;  686;57,6;38,3;  21;  6;  9;3; 5 226;  386
Farmsen-Berne; 33 992    ; 5 840    ; 17,2    ; 6 847    ; 20,1    ; 3 432    ; 10,1    ; 9 225    ; 27,1    ; 2 448    ; 42,0    ; 17 536    ; 1,9    ; 8 085    ; 46,1    ; 3 757    ; 21,4    ; 1 000    ; 26,6    ; 8,3    ; 4 117    ;  293    ;  403    ; 3 216    ;  232    ; 2 560    ;  385    ;  656    ; 12 718;57,0; 1 112;5,0;  82;2,4;  178;4,4; 3 537;10,4; 1 068;22,2; 1 805; 16 565; 29 526; 6 346; 16 512;  158; 5 636;34,1;75,8;36,8; 1 084;6,6;  85;7,8;  375; 2 570; 2 152;  21;  8; 1 969;55,7;39,3;  37;  15;  15;5; 12 881;  379
Bramfeld; 50 699    ; 7 153    ; 14,1    ; 11 227    ; 22,1    ; 4 876    ; 9,6    ; 12 696    ; 25,1    ; 2 927    ; 41,1    ; 29 140    ; 1,8    ; 15 409    ; 52,9    ; 4 741    ; 16,3    ; 1 453    ; 30,6    ; 10,1    ; 5 024    ;  500    ;  534    ; 4 345    ;  339    ; 4 435    ;  635    ;-  90    ; 19 341;57,6; 1 926;5,7;  153;2,9;  312;5,0; 5 142;10,1; 1 333;22,6; 3 027; 25 903; 28 716; 8 870; 27 318;  47; 7 382;27,0;70,8;38,1; 1 784;6,5;  108;6,1;  392; 2 714; 2 354;  24;  5; 2 382;52,8;43,2;  74;  33;  39;10; 20 091;  396
Steilshoop; 19 448    ; 3 732    ; 19,2    ; 3 665    ; 18,8    ; 4 000    ; 20,6    ; 9 003    ; 46,3    ; 2 459    ; 65,9    ; 9 686    ; 2,0    ; 4 398    ; 45,4    ; 2 175    ; 22,5    ;  702    ; 32,3    ; 2,5    ; 7 915    ;  210    ;  182    ; 1 681    ;  102    ; 1 621    ;  182    ;  60    ; 6 247;49,1; 1 196;9,4;  114;4,7;  157;6,6; 4 310;22,2; 1 399;45,9; 1 987; 8 599; 21 593;  953; 8 719;  3;  335;3,8;74,3;33,3; 3 051;35,0;  303;9,9;  361;.; 1 599;  12;  3; 1 284;64,4;28,6;  10;  7;  8;3; 5 779;  297
Wellingsbüttel; 10 290    ; 1 801    ; 17,5    ; 2 988    ; 29,0    ;  600    ; 5,8    ; 1 538    ; 14,9    ;  391    ; 21,8    ; 5 061    ; 2,0    ; 2 079    ; 41,1    ; 1 059    ; 20,9    ;  179    ; 16,9    ; 4,1    ; 2 527    ;  67    ;  152    ; 1 051    ;  91    ;  956    ;  98    ;  95    ; 2 834;48,7;  130;2,2;  7;0,8;  30;2,6;  131;1,3;  22;1,5;  100; 5 152; 82 817; 2 779; 4 975;  52; 2 595;52,2;118,7;57,4;  22;0,4;  22;100,0;  631; 3 670; 2 952;  7;  1;  613;18,3;80,9;  25;  8;  12;2; 5 270;  512
Sasel; 23 170    ; 4 348    ; 18,8    ; 5 803    ; 25,0    ; 1 084    ; 4,7    ; 3 145    ; 13,6    ;  879    ; 20,3    ; 10 938    ; 2,2    ; 3 994    ; 36,5    ; 2 607    ; 23,8    ;  360    ; 13,8    ; 8,4    ; 2 772    ;  166    ;  183    ; 1 599    ;  157    ; 1 510    ;  214    ;  89    ; 7 032;50,9;  333;2,4;  21;1,0;  100;3,2;  313;1,4;  55;1,5;  216; 11 134; 57 224; 7 184; 10 502;  147; 7 264;69,2;111,8;50,7;  36;0,3;  0;0,0;  498; 3 167; 2 595;  11;  3; 1 561;33,0;65,7;  30;  9;  15;2; 11 577;  500
Poppenbüttel; 22 368    ; 3 340    ; 14,9    ; 7 423    ; 33,2    ; 1 199    ; 5,4    ; 3 710    ; 16,6    ;  918    ; 27,6    ; 10 787    ; 2,0    ; 4 377    ; 40,6    ; 2 085    ; 19,3    ;  374    ; 17,9    ; 8,1    ; 2 755    ;  126    ;  493    ; 1 804    ;  166    ; 1 494    ;  235    ;  310    ; 6 505;53,2;  344;2,8;  23;1,2;  88;3,2;  506;2,3;  122;4,5;  297; 11 658; 46 719; 6 016; 10 345;  106; 5 909;57,1;103,2;47,8;  553;5,3;  343;62,0;  428; 2 921; 2 765;  10;  3; 1 169;32,6;66,0;  114;  30;  50;9; 10 489;  469
Hummelsbüttel; 17 051    ; 2 891    ; 17,0    ; 4 260    ; 25,0    ; 1 870    ; 11,0    ; 5 198    ; 30,5    ; 1 354    ; 46,9    ; 8 448    ; 2,0    ; 3 489    ; 41,3    ; 1 747    ; 20,7    ;  481    ; 27,5    ; 9,2    ; 1 861    ;  136    ;  169    ; 1 469    ;  135    ; 1 416    ;  233    ;  53    ; 5 413;52,0;  567;5,4;  42;2,5;  88;3,9; 1 706;10,0;  511;21,5;  831; 8 087; 35 924; 2 709; 7 931;  24; 2 195;27,7;88,2;41,0; 2 163;27,3;  654;30,2;  415; 3 064; 2 457;  9;  1; 1 013;46,2;51,2;  14;  10;  10;2; 7 155;  420
Lemsahl-Mellingstedt; 6 540    ; 1 232    ; 18,8    ; 1 278    ; 19,5    ;  268    ; 4,1    ;  822    ; 12,6    ;  250    ; 20,3    ; 2 805    ; 2,4    ;  784    ; 28,0    ;  760    ; 27,1    ;  111    ; 14,6    ; 7,9    ;  824    ;  52    ;  26    ;  448    ;  42    ;  451    ;  52    ;-  3    ; 2 010;46,9;  71;1,7;  0;0,0;  17;1,8;  64;1,0;  20;2,0;  37; 3 114; 68 524; 2 284; 2 654;  31; 2 402;90,5;132,2;53,7;  29;1,1;  0;0,0;  375; 3 147; 2 735;  4;  1;  435;27,4;71,3;  3;  2;  1;1; 3 653;  559
Duvenstedt; 6 241    ; 1 450    ; 23,2    ; 1 156    ; 18,5    ;  450    ; 7,2    ;  897    ; 14,4    ;  339    ; 23,4    ; 2 544    ; 2,5    ;  719    ; 28,3    ;  834    ; 32,8    ;  143    ; 17,1    ; 6,8    ;  915    ;  42    ;  41    ;  467    ;  48    ;  522    ;  104    ;-  55    ; 1 891;47,8;  85;2,1;  12;1,4;  17;2,9;  185;3,0;  69;6,1;  74; 2 749; 61 306; 1 732; 2 453;  69; 1 776;72,4;117,2;46,1;  82;3,3;  16;19,5;  362; 2 808; 2 382;  3;  1;  604;30,0;66,7;  13;  5;  9;3; 3 017;  483
Wohldorf-Ohlstedt; 4 433    ;  943    ; 21,3    ;  992    ; 22,4    ;  173    ; 3,9    ;  527    ; 11,9    ;  184    ; 19,6    ; 1 960    ; 2,3    ;  603    ; 30,8    ;  545    ; 27,8    ;  86    ; 15,8    ; 17,3    ;  256    ;  30    ;  26    ;  338    ;  30    ;  329    ;  51    ;  9    ; 1 173;43,9;  46;1,7;  0;0,0;  12;2,2;  56;1,3;  16;2,1;  30; 2 025; 86 614; 1 442; 1 850;  23; 1 492;80,6;143,1;59,7;  6;0,3;  0;0,0;  404; 3 071; 2 481;  4;  1;  354;30,2;68,1;  1;  1;  4;1; 2 333;  526
Bergstedt; 10 206    ; 2 107    ; 20,6    ; 2 260    ; 22,1    ;  313    ; 3,1    ; 1 169    ; 11,4    ;  379    ; 18,0    ; 4 658    ; 2,2    ; 1 657    ; 35,6    ; 1 271    ; 27,3    ;  248    ; 19,5    ; 7,1    ; 1 447    ;  78    ;  93    ;  680    ;  77    ;  628    ;  123    ;  52    ; 3 168;50,9;  133;2,1;  9;0,9;  28;2,4;  230;2,3;  64;3,7;  135; 4 764; 46 426; 2 763; 4 455;  51; 2 708;60,8;102,8;44,9;  188;4,2;  7;3,7;  376; 2 954; 2 305;  8;  2;  747;42,6;55,4;  5;  5;  6;2; 4 784;  469
Volksdorf; 20 200    ; 4 146    ; 20,5    ; 5 196    ; 25,7    ;  967    ; 4,8    ; 2 756    ; 13,7    ;  852    ; 20,6    ; 9 180    ; 2,2    ; 3 363    ; 36,6    ; 2 377    ; 25,9    ;  490    ; 20,6    ; 11,6    ; 1 745    ;  136    ;  219    ; 1 547    ;  154    ; 1 450    ;  218    ;  97    ; 5 465;46,8;  275;2,4;  11;0,5;  74;2,9;  577;2,9;  180;5,4;  299; 9 519; 57 685; 5 389; 8 760;  101; 5 177;59,1;111,9;48,5;  749;8,6;  398;53,1;  513; 3 493; 3 002;  16;  4; 1 629;39,5;57,9;  79;  24;  27;5; 9 004;  446
Rahlstedt; 87 783    ; 14 912    ; 17,0    ; 20 347    ; 23,2    ; 8 305    ; 9,5    ; 24 039    ; 27,4    ; 6 303    ; 42,4    ; 45 358    ; 1,9    ; 20 500    ; 45,2    ; 9 414    ; 20,8    ; 2 728    ; 29,0    ; 26,6    ; 3 303    ;  781    ;  957    ; 6 903    ;  698    ; 6 494    ; 1 382    ;  409    ; 30 602;55,4; 2 933;5,3;  239;2,6;  422;4,1; 8 956;10,2; 2 838;23,2; 4 614; 41 811; 31 196; 14 949; 43 077;  179; 12 259;28,5;80,9;39,7; 3 992;9,3; 1 037;26,0;  350; 2 524; 2 150;  35;  13; 5 233;51,3;44,1;  155;  55;  64;16; 34 903;  398
Lohbrügge; 39 069    ; 6 101    ; 15,6    ; 9 391    ; 24,0    ; 4 071    ; 10,4    ; 14 089    ; 36,1    ; 3 273    ; 53,8    ; 20 460    ; 1,9    ; 9 640    ; 47,1    ; 3 845    ; 18,8    ; 1 105    ; 28,7    ; 13,0    ; 2 995    ;  316    ;  435    ; 3 112    ;  494    ; 2 928    ;  677    ;  184    ; 13 906;56,2; 1 526;6,2;  97;2,2;  254;5,7; 4 277;10,9; 1 163;23,5; 2 352; 18 306; 27 477; 5 642; 19 749;  129; 4 375;22,2;74,6;37,7; 2 415;12,2; 1 304;54,0;  345; 2 584; 1 806;  13;  4; 2 268;56,0;40,9;  54;  21;  23;7; 14 079;  360
Bergedorf; 33 129    ; 5 388    ; 16,3    ; 6 843    ; 20,7    ; 3 432    ; 10,4    ; 8 992    ; 27,1    ; 2 028    ; 37,8    ; 17 684    ; 1,9    ; 8 777    ; 49,6    ; 3 284    ; 18,6    ;  940    ; 28,6    ; 10,4    ; 3 199    ;  297    ;  410    ; 3 622    ;  612    ; 3 038    ;  720    ;  584    ; 11 978;54,7; 1 152;5,3;  89;2,4;  168;4,5; 2 960;8,9;  766;17,4; 1 733; 15 866; 32 742; 5 064; 16 275;  81; 3 995;24,5;79,5;39,1; 1 062;6,5;  644;60,6;  370; 2 443; 2 372;  19;  7; 1 805;50,2;46,3;  139;  36;  46;12; 11 549;  349
Curslack; 3 930    ;  785    ; 20,0    ;  600    ; 15,3    ;  684    ; 17,4    ;  955    ; 24,2    ;  270    ; 34,3    ; 1 535    ; 2,2    ;  520    ; 33,9    ;  386    ; 25,1    ;  83    ; 21,5    ; 10,6    ;  370    ;  48    ;  26    ;  534    ;  49    ;  534    ;  67    ;-    ; 1 340;49,7;  97;3,6;  8;1,6;  14;3,3;  232;5,9;  72;11,3;  125; 1 696; 38 200;  924; 1 428;  8;  950;66,5;104,3;37,9;  17;1,2;  12;70,6;  207; 1 822;.;  1;  1;  269;55,0;40,9;  6;  5;  0;1; 1 719;  437
Altengamme; 2 199    ;  420    ; 19,1    ;  439    ; 20,0    ;  53    ; 2,4    ;  149    ; 6,8    ;  48    ; 11,5    ;  987    ; 2,2    ;  311    ; 31,5    ;  260    ; 26,3    ;  58    ; 22,3    ; 15,6    ;  141    ;  20    ;  17    ;  131    ;  25    ;  157    ;  51    ;-  26    ;  829;57,9;  33;2,3;  3;1,3;  7;2,4;  80;3,6;  34;10,3;  33; 1 064; 44 570;  632;  886;  8;  686;77,4;107,4;43,3;  4;0,5;  0;0,0;  172; 2 344;.;  1;  1;  167;55,7;41,9;  2;  2;  0;0; 1 179;  536
Neuengamme; 3 584    ;  606    ; 16,9    ;  761    ; 21,2    ;  112    ; 3,1    ;  245    ; 6,8    ;  50    ; 8,3    ; 1 629    ; 2,2    ;  554    ; 34,0    ;  379    ; 23,3    ;  74    ; 19,5    ; 18,6    ;  193    ;  22    ;  29    ;  306    ;  38    ;  273    ;  54    ;  33    ; 1 320;56,4;  62;2,6;  6;1,6;  7;1,6;  79;2,2;  16;3,3;  50; 1 766; 35 802; 1 029; 1 496;  11; 1 115;74,5;107,9;45,0;  20;1,3;  0;0,0;  191; 1 972;.;  2;  0;  228;61,8;36,4;  1;  1;  2;0; 1 909;  533
Kirchwerder; 9 286    ; 1 607    ; 17,3    ; 1 849    ; 19,9    ;  301    ; 3,2    ;  726    ; 7,8    ;  179    ; 11,1    ; 4 255    ; 2,2    ; 1 399    ; 32,9    ; 1 012    ; 23,8    ;  211    ; 20,8    ; 32,4    ;  287    ;  60    ;  72    ;  599    ;  79    ;  567    ;  134    ;  32    ; 3 712;60,3;  139;2,3;  14;1,4;  30;2,4;  198;2,1;  44;3,4;  126; 4 681; 36 752; 2 692; 3 938;  38; 2 964;75,3;106,9;45,3;  34;0,9;  8;23,5;  179; 1 865;.;  8;  3;  594;66,0;31,6;  8;  8;  3;2; 5 062;  545
Ochsenwerder; 2 451    ;  414    ; 16,9    ;  514    ; 21,0    ;  177    ; 7,2    ;  298    ; 12,2    ;  80    ; 19,3    ; 1 152    ; 2,2    ;  401    ; 34,8    ;  256    ; 22,2    ;  45    ; 17,6    ; 14,1    ;  174    ;  13    ;  16    ;  245    ;  13    ;  201    ;  41    ;  44    ;  890;55,6;  46;2,9;  6;2,4;  11;3,9;  55;2,2;  12;3,6;  33; 1 147; 33 972;  675; 1 022;  12;  718;70,3;119,6;49,9;  3;0,3;  0;0,0;  172; 1 817;.;  1;  1;  138;62,3;34,8;  2;  2;  0;0; 1 404;  573
Reitbrook;  484    ;  60    ; 12,4    ;  124    ; 25,6    ;  32    ; 6,6    ;  55    ; 11,4    ;  9    ; 15,0    ;  238    ; 2,0    ;  93    ; 39,1    ;  38    ; 16,0    ;  5    ; 13,2    ; 6,9    ;  70    ;  5    ;  6    ;  53    ;  1    ;  58    ;  2    ;-  5    ;  166;52,9;  6;1,9;  0;0,0;  3;3,9;  8;1,7;  3;6,5;  6;  238; 34 580;  143;  224;  2;  148;66,1;118,9;55,0;  0;0,0;  0;0,0;  168;.;.;  0;  0;  27;66,7;33,3;  0;  0;  2;0;  280;  579
Allermöhe; 1 322    ;  212    ; 16,0    ;  253    ; 19,1    ;  76    ; 5,7    ;  220    ; 16,6    ;  52    ; 24,6    ;  631    ; 2,1    ;  234    ; 37,1    ;  129    ; 20,4    ;  26    ; 20,2    ; 8,7    ;  153    ;  10    ;  6    ;  136    ;  7    ;  156    ;  18    ;-  20    ;  488;54,2;  22;2,4;  3;2,1;  3;1,6;  29;2,2;  6;3,6;  16;  653; 35 822;  448;  579;  7;  496;85,7;114,7;50,2;  0;0,0;  0;0,0;  169; 2 126;.;  2;  0;  89;53,9;44,9;  0;  0;  7;0;  746;  564
Billwerder; 1 335    ;  197    ; 14,8    ;  263    ; 19,7    ;  167    ; 12,5    ;  266    ; 20,0    ;  39    ; 19,8    ;  671    ; 2,0    ;  307    ; 45,8    ;  116    ; 17,3    ;  29    ; 25,0    ; 9,5    ;  141    ;  8    ;  10    ;  156    ;  22    ;  124    ;  15    ;  32    ;  434;47,9;  35;3,9;  3;2,5;  7;4,1;  64;4,8;  20;12,0;  34;  618; 29 391;  377;  554;  5;  400;72,2;93,4;38,8;  0;0,0;  0;0,0;  176;.;.;  1;  1;  66;51,5;45,5;  0;  0;  0;0;  583;  437
Moorfleet; 1 249    ;  217    ; 17,4    ;  192    ; 15,4    ;  186    ; 14,9    ;  305    ; 24,6    ;  71    ; 33,0    ;  595    ; 2,0    ;  263    ; 44,2    ;  124    ; 20,8    ;  16    ; 12,9    ; 4,3    ;  292    ;  3    ;  6    ;  207    ;  11    ;  136    ;  20    ;  71    ;  413;46,5;  41;4,6;  3;2,2;  8;5,0;  75;6,0;  16;9,5;  47;  569; 32 536;  328;  439;  2;  354;80,6;101,0;35,5;  0;0,0;  0;0,0;  163; 1 808;.;  0;  0;  66;65,2;31,8;  0;  0;  0;0;  628;  503
Tatenberg;  537    ;  99    ; 18,4    ;  103    ; 19,2    ;  15    ; 2,8    ;  42    ; 7,8    ;  12    ; 11,9    ;  232    ; 2,3    ;  68    ; 29,3    ;  65    ; 28,0    ;  7    ; 10,8    ; 3,1    ;  173    ;  6    ;  5    ;  31    ;  2    ;  38    ;-    ;-  7    ;  211;60,6;  7;2,0;  0;0,0;  3;4,6;  9;1,7;  0;0,0;  6;  254; 38 768;  158;  216;  3;  180;83,3;115,0;46,3;  0;0,0;  0;0,0;  180;.;.;  0;  0;  37;59,5;40,5;  0;  0;  0;0;  306;  570
Spadenland;  478    ;  83    ; 17,4    ;  100    ; 20,9    ;  13    ; 2,7    ;  21    ; 4,4    ;  6    ; 7,2    ;  222    ; 2,2    ;  77    ; 34,7    ;  48    ; 21,6    ;  6    ; 12,5    ; 3,4    ;  141    ;  4    ;  3    ;  32    ;  3    ;  52    ;  12    ;-  20    ;  179;57,6;  10;3,2;  0;0,0;  3;4,9;  9;1,9;  0;0,0;  8;  262; 30 006;  112;  200;  4;  120;60,0;109,5;45,8;  0;0,0;  0;0,0;  179;.;.;  0;  0;  34;64,7;35,3;  0;  0;  0;0;  278;  582
Neuallermöhe; 23 762    ; 5 817    ; 24,5    ; 1 611    ; 6,8    ; 3 804    ; 16,0    ; 14 705    ; 61,9    ; 4 283    ; 73,9    ; 9 391    ; 2,5    ; 2 629    ; 28,0    ; 3 381    ; 36,0    ;  897    ; 26,5    ; 4,2    ; 5 647    ;  288    ;  72    ; 1 765    ;  184    ; 1 838    ;  311    ;-  73    ; 9 280;53,1; 1 193;6,8;  99;2,6;  158;5,9; 4 472;18,8; 1 579;33,8; 1 903; 9 307; 26 777; 3 115; 8 975;  139; 2 427;27,0;80,4;30,4; 5 133;57,2;  476;9,3;  259;.;.;  8;  3; 2 079;55,9;40,5;  13;  7;  0;2; 7 414;  312
Harburg; 22 674    ; 3 285    ; 14,5    ; 2 767    ; 12,2    ; 7 549    ; 33,3    ; 11 973    ; 52,8    ; 2 496    ; 76,5    ; 13 515    ; 1,6    ; 8 565    ; 63,4    ; 2 002    ; 14,8    ;  652    ; 32,6    ; 3,9    ; 5 882    ;  278    ;  210    ; 4 072    ;  425    ; 3 937    ;  431    ;  135    ; 7 978;46,7; 1 565;9,2;  119;3,4;  169;9,0; 4 121;18,2; 1 242;43,7; 2 244; 9 339; 19 246; 1 483; 11 774;  236;  229;1,9;59,9;31,1; 1 121;9,5;  351;31,3;  258;.; 1 958;  13;  3;  937;68,8;19,3;  168;  37;  60;16; 4 527;  200
Neuland und Gut Moor; 1 511    ;  295    ; 19,5    ;  240    ; 15,9    ;  297    ; 19,7    ;  477    ; 31,6    ;  154    ; 52,9    ;  719    ; 2,1    ;  295    ; 41,0    ;  156    ; 21,7    ;  36    ; 23,1    ; 10,0    ;  151    ;  17    ;  13    ;  277    ;  20    ;  163    ;  18    ;  114    ;  525;51,3;  45;4,4;  8;4,2;  9;5,1;  87;5,8;  24;9,7;  41;  689; 31 010;  423;  558;  1;  459;82,3;102,3;37,8;  0;0,0;  0;0,0;  156; 1 783;.;  0;  1;  106;70,8;23,6;  0;  0;  0;0;  674;  446
Wilstorf; 16 225    ; 2 553    ; 15,7    ; 3 410    ; 21,0    ; 2 967    ; 18,3    ; 5 874    ; 36,2    ; 1 493    ; 59,0    ; 8 977    ; 1,8    ; 4 733    ; 52,7    ; 1 604    ; 17,9    ;  497    ; 31,0    ; 3,5    ; 4 660    ;  196    ;  188    ; 1 861    ;  212    ; 1 901    ;  374    ;-  40    ; 5 855;54,8;  766;7,2;  62;3,3;  89;5,3; 2 042;12,6;  680;31,8; 1 046; 7 797; 23 985; 2 026; 8 333;  1; 1 451;17,4;68,8;35,4;  837;10,0;  180;21,5;  266; 1 987; 1 931;  10;  1;  763;55,3;37,7;  18;  11;  4;3; 5 276;  325
Rönneburg; 3 203    ;  607    ; 19,0    ;  595    ; 18,6    ;  293    ; 9,1    ;  843    ; 26,3    ;  227    ; 37,6    ; 1 515    ; 2,2    ;  581    ; 38,3    ;  367    ; 24,2    ;  78    ; 21,3    ; 2,3    ; 1 415    ;  30    ;  21    ;  244    ;  35    ;  260    ;  55    ;-  16    ; 1 210;57,0;  74;3,5;  6;1,5;  20;5,3;  152;4,7;  41;8,4;  81; 1 461; 56 002;  771; 1 383;  3;  753;54,4;96,1;41,5;  153;11,1;  0;0,0;  246; 2 052;.;  1;  1;  232;47,0;50,4;  0;  0;  1;0; 1 403;  438
Langenbek; 4 098    ;  634    ; 15,5    ;  861    ; 21,0    ;  329    ; 8,0    ; 1 137    ; 27,7    ;  257    ; 40,3    ; 2 014    ; 2,1    ;  778    ; 38,6    ;  417    ; 20,7    ;  118    ; 28,3    ; 0,8    ; 4 890    ;  24    ;  39    ;  359    ;  66    ;  295    ;  79    ;  64    ; 1 532;55,5;  121;4,4;  8;1,5;  31;4,9;  242;5,9;  68;14,3;  131; 1 963; 31 482; 1 194; 1 863;  10; 1 129;60,6;86,7;39,4;  352;18,9;  62;17,6;  243; 1 925;.;  1;  0;  244;47,5;46,7;  0;  0;  0;1; 1 722;  420
Sinstorf; 3 553    ;  715    ; 20,1    ;  700    ; 19,7    ;  575    ; 16,2    ; 1 130    ; 31,9    ;  376    ; 52,9    ; 1 586    ; 2,1    ;  629    ; 39,7    ;  367    ; 23,1    ;  79    ; 21,5    ; 2,6    ; 1 387    ;  29    ;  32    ;  430    ;  60    ;  376    ;  87    ;  54    ; 1 220;53,4;  100;4,4;  13;3,2;  18;5,2;  301;8,5;  102;17,9;  133; 1 615; 31 736;  830; 1 447;  4;  869;60,1;90,9;37,0;  92;6,4;  92;100,0;  220; 2 133; 1 766;  2;  1;  259;54,8;40,9;  9;  3;  3;0; 1 383;  389
Marmstorf; 8 801    ; 1 332    ; 15,1    ; 2 632    ; 29,9    ;  722    ; 8,2    ; 1 940    ; 22,0    ;  476    ; 35,8    ; 4 572    ; 2,0    ; 1 889    ; 41,3    ;  863    ; 18,9    ;  228    ; 26,4    ; 5,8    ; 1 513    ;  53    ;  89    ;  627    ;  102    ;  579    ;  117    ;  48    ; 2 792;54,5;  232;4,5;  15;1,7;  39;3,9;  452;5,1;  134;12,8;  238; 4 377; 34 488; 2 213; 4 231;  9; 2 115;50,0;89,1;42,8;  110;2,6;  0;0,0;  306; 2 086; 1 903;  3;  1;  525;37,3;58,1;  7;  5;  4;2; 3 859;  438
Eißendorf; 23 861    ; 3 906    ; 16,4    ; 5 168    ; 21,7    ; 3 498    ; 14,7    ; 8 002    ; 33,5    ; 1 997    ; 51,1    ; 12 737    ; 1,9    ; 6 208    ; 48,7    ; 2 450    ; 19,2    ;  674    ; 27,5    ; 8,4    ; 2 850    ;  233    ;  278    ; 2 454    ;  323    ; 2 304    ;  472    ;  150    ; 8 282;53,6;  964;6,2;  94;3,4;  134;5,1; 2 382;10,0;  780;24,0; 1 227; 11 427; 30 756; 4 197; 11 810;  45; 3 581;30,3;78,0;38,6;  907;7,7;  271;29,9;  287; 2 081; 2 093;  7;  2; 1 295;53,4;41,3;  13;  9;  9;2; 8 643;  362
Heimfeld; 20 779    ; 3 580    ; 17,2    ; 3 415    ; 16,4    ; 4 082    ; 19,6    ; 8 161    ; 39,3    ; 2 037    ; 57,2    ; 11 587    ; 1,8    ; 6 430    ; 55,5    ; 2 185    ; 18,9    ;  609    ; 27,9    ; 11,7    ; 1 773    ;  250    ;  253    ; 2 905    ;  291    ; 2 807    ;  364    ;  98    ; 7 613;53,0;  932;6,5;  56;2,1;  141;7,4; 2 383;11,5;  692;23,0; 1 332; 9 504; 28 235; 2 451; 10 279;  17; 1 519;14,8;71,0;35,1; 1 493;14,5;  32;2,1;  294; 2 144; 1 907;  9;  2; 1 146;51,9;33,2;  21;  9;  12;4; 6 101;  294
Moorburg und Altenwerder;  732    ;  143    ; 19,5    ;  102    ; 13,9    ;  40    ; 5,5    ;  87    ; 11,9    ;  18    ; 12,6    ;  377    ; 2,0    ;  177    ; 46,9    ;  87    ; 23,1    ;  21    ; 24,1    ; 16,8    ;  44    ;  15    ;  3    ;  94    ;  10    ;  88    ;  18    ;  6    ;  256;49,8;  24;4,7;  3;3,4;  8;8,3;  49;6,7;  13;11,2;  27;  354; 36 862;  225;  325;  1;  242;74,5;99,6;44,2;  0;0,0;  0;0,0;  145;.;.;  3;  0;  52;75,0;21,2;  0;  0;  0;0;  345;  471
Hausbruch; 17 034    ; 3 336    ; 19,6    ; 3 282    ; 19,3    ; 2 257    ; 13,2    ; 8 682    ; 50,9    ; 2 251    ; 67,5    ; 7 489    ; 2,3    ; 2 613    ; 34,9    ; 1 972    ; 26,3    ;  493    ; 25,0    ; 11,2    ; 1 524    ;  146    ;  142    ; 1 313    ;  162    ; 1 369    ;  264    ;-  56    ; 5 797;52,3;  859;7,8;  59;2,6;  133;6,3; 2 673;15,7;  875;32,8; 1 205; 7 260; 28 667; 2 874; 7 088;  20; 2 614;36,9;83,9;34,9; 1 446;20,4;  360;24,9;  220; 2 039; 1 697;  9;  2; 1 275;67,1;27,4;  15;  4;  10;2; 5 896;  346
Neugraben-Fischbek; 27 160    ; 4 914    ; 18,1    ; 6 012    ; 22,1    ; 2 905    ; 10,7    ; 10 614    ; 39,0    ; 2 785    ; 56,7    ; 13 045    ; 2,1    ; 4 980    ; 38,2    ; 2 894    ; 22,2    ;  747    ; 25,8    ; 22,5    ; 1 207    ;  234    ;  234    ; 2 103    ;  339    ; 1 952    ;  553    ;  151    ; 9 065;52,9; 1 257;7,3;  107;3,4;  218;6,4; 3 698;13,6; 1 150;28,6; 1 770; 11 991; 28 670; 5 386; 12 034;  82; 4 937;41,0;84,6;37,5;  996;8,3;  281;28,2;  244; 2 116; 1 539;  14;  6; 1 755;64,2;30,5;  35;  15;  20;5; 10 013;  369
Francop;  677    ;  120    ; 17,7    ;  121    ; 17,9    ;  40    ; 5,9    ;  71    ; 10,5    ;  8    ; 6,7    ;  329    ; 2,1    ;  131    ; 39,8    ;  70    ; 21,3    ;  17    ; 24,3    ; 9,1    ;  74    ;  3    ;  11    ;  65    ;  14    ;  53    ;  16    ;  12    ;  264;56,1;  15;3,2;  0;0,0;  3;3,8;  30;4,4;  11;12,9;  17;  331; 34 280;  191;  322;  2;  230;71,4;98,5;46,8;  0;0,0;  0;0,0;  148; 1 889;.;  0;  0;  40;42,5;55,0;  1;  0;  0;0;  335;  495
Neuenfelde; 4 481    ;  954    ; 21,3    ;  702    ; 15,7    ;  992    ; 22,1    ; 1 751    ; 39,1    ;  521    ; 55,1    ; 2 002    ; 2,3    ;  749    ; 37,4    ;  506    ; 25,3    ;  105    ; 20,8    ; 15,5    ;  289    ;  53    ;  31    ;  468    ;  86    ;  447    ;  114    ;  21    ; 1 495;50,0;  215;7,2;  18;3,0;  29;5,7;  466;10,4;  159;20,2;  201; 1 884; 33 272; 1 022; 1 917;  15; 1 166;60,8;95,3;40,8;  291;15,2;  0;0,0;  145; 1 445;.;  3;  1;  325;63,1;34,5;  1;  1;  3;1; 1 828;  408
Cranz;  759    ;  120    ; 15,8    ;  147    ; 19,4    ;  101    ; 13,3    ;  202    ; 26,6    ;  52    ; 43,0    ;  417    ; 1,9    ;  210    ; 50,4    ;  71    ; 17,0    ;  18    ; 25,4    ; 1,3    ;  570    ;  13    ;  5    ;  79    ;  18    ;  89    ;  37    ;-  10    ;  287;56,4;  32;6,3;  0;0,0;  4;3,8;  68;9,0;  19;18,4;  38;  368; 31 326;  165;  388;  0;  145;37,4;87,4;44,7;  0;0,0;  0;0,0;  150;.;.;  1;  1;  39;53,8;38,5;  2;  2;  0;0;  343;  452
Hamburg-Mitte; 289 876    ; 45 260    ; 15,6    ; 42 241    ; 14,6    ; 74 998    ; 25,9    ; 130 254    ; 46,0    ; 31 067    ; 68,8    ; 162 283    ; 1,8    ; 94 125    ; 58,0    ; 27 029    ; 16,7    ; 8 260    ; 30,6    ; 142,3    ; 2 037    ; 3 167    ; 2 416    ; 31 902    ; 2 631    ; 31 266    ; 3 590    ;  636    ; 102 778;49,0; 17 073;8,1; 1 335;3,7; 2 177;7,4; 49 650;17,1; 14 558;38,3; 26 229; 130 535; 23 802; 23 514; 141 303;  759; 12 880;9,1;65,8;32,1; 24 825;17,6; 6 472;26,1;.;.;.;  137;  39; 14 391;64,7;28,6;  694;  246;  271;75; 74 213;  256
Altona; 259 897    ; 44 559    ; 17,1    ; 47 917    ; 18,4    ; 37 204    ; 14,3    ; 76 084    ; 29,3    ; 18 559    ; 41,7    ; 143 607    ; 1,8    ; 77 065    ; 53,7    ; 27 435    ; 19,1    ; 7 291    ; 26,6    ; 77,9    ; 3 335    ; 2 739    ; 2 521    ; 22 073    ; 2 371    ; 19 627    ; 3 177    ; 2 446    ; 88 426;50,7; 10 116;5,8;  720;2,9; 1 485;5,5; 23 795;9,2; 6 263;16,6; 13 781; 127 443; 45 726; 37 006; 130 706; 1 036; 28 605;21,9;80,7;40,6; 12 455;9,5; 4 345;34,9;.;.;.;  196;  39; 13 773;45,4;51,3;  802;  204;  244;68; 86 486;  333
Eimsbüttel; 252 340    ; 36 602    ; 14,5    ; 48 760    ; 19,3    ; 29 011    ; 11,5    ; 61 650    ; 24,4    ; 13 634    ; 37,4    ; 148 245    ; 1,7    ; 84 736    ; 57,2    ; 23 701    ; 16,0    ; 6 125    ; 25,8    ; 49,8    ; 5 065    ; 2 692    ; 2 274    ; 23 938    ; 2 532    ; 21 377    ; 3 421    ; 2 561    ; 95 705;55,4; 7 809;4,5;  464;1,9; 1 223;4,5; 15 704;6,2; 3 828;12,5; 9 600; 133 310; 40 046; 31 230; 137 695;  909; 21 557;15,7;75,9;41,4; 6 381;4,6; 2 681;42,0;.;.;.;  184;  34; 11 050;42,9;53,5;  817;  156;  280;60; 88 403;  350
Hamburg-Nord; 291 293    ; 36 878    ; 12,7    ; 49 506    ; 17,0    ; 33 586    ; 11,5    ; 68 711    ; 23,6    ; 13 821    ; 37,7    ; 185 126    ; 1,6    ; 117 796    ; 63,6    ; 24 165    ; 13,1    ; 6 953    ; 28,8    ; 57,8    ; 5 042    ; 3 178    ; 2 764    ; 31 347    ; 3 233    ; 28 769    ; 4 158    ; 2 578    ; 122 005;58,0; 10 176;4,8;  607;2,1; 1 596;5,4; 20 194;6,9; 4 640;14,8; 13 089; 158 301; 38 676; 30 408; 171 575; 1 162; 16 149;9,4;67,9;40,0; 8 241;4,8; 4 056;49,2;.;.;.;  170;  30; 10 629;46,4;50,0;  984;  253;  297;83; 94 804;  325
Wandsbek; 417 225    ; 68 565    ; 16,4    ; 93 564    ; 22,4    ; 41 896    ; 10,0    ; 109 568    ; 26,3    ; 27 885    ; 40,8    ; 220 243    ; 1,9    ; 105 433    ; 47,9    ; 42 645    ; 19,4    ; 10 983    ; 25,8    ; 147,5    ; 2 828    ; 3 687    ; 4 621    ; 28 445    ; 3 296    ; 26 267    ; 5 524    ; 2 178    ; 145 288;54,4; 13 911;5,2; 1 023;2,3; 2 317;4,7; 37 378;9,0; 10 991;19,5; 19 877; 204 376; 36 917; 75 815; 206 222; 1 240; 64 951;31,5;83,2;41,1; 17 764;8,6; 4 620;26,0;.;.;.;  215;  60; 23 508;47,7;48,5;  781;  274;  368;86; 166 081;  398
Bergedorf; 122 815    ; 22 006    ; 17,9    ; 23 043    ; 18,8    ; 13 123    ; 10,7    ; 41 068    ; 33,5    ; 10 400    ; 47,4    ; 59 682    ; 2,0    ; 25 273    ; 42,3    ; 13 323    ; 22,3    ; 3 502    ; 26,3    ; 154,8    ;  794    ; 1 100    ; 1 113    ; 8 164    ; 1 540    ; 7 335    ; 2 122    ;  829    ; 45 146;55,1; 4 369;5,3;  331;2,2;  676;4,7; 12 547;10,2; 3 731;21,0; 6 472; 56 427; 30 910; 21 339; 55 981;  449; 18 928;33,8;83,5;38,1; 8 688;15,5; 2 444;28,1;.;.;.;  56;  21; 7 867;55,7;41,1;  225;  82;  83;24; 47 136;  384
Harburg; 155 548    ; 26 494    ; 17,0    ; 30 154    ; 19,4    ; 26 647    ; 17,1    ; 60 944    ; 39,2    ; 15 148    ; 57,4    ; 80 881    ; 1,9    ; 38 968    ; 48,2    ; 16 011    ; 19,8    ; 4 372    ; 27,3    ; 125,2    ; 1 242    ; 1 574    ; 1 549    ; 12 582    ; 2 163    ; 11 851    ; 2 999    ;  731    ; 54 171;52,3; 7 201;7,0;  568;2,9; 1 045;6,2; 19 146;12,3; 5 990;27,4; 9 731; 70 360; 28 485; 25 451; 73 752;  446; 21 439;29,1;77,1;36,5; 7 798;10,6; 1 629;20,9;.;.;.;  76;  22; 8 993;58,4;34,4;  290;  96;  126;36; 52 348;  337
Hamburg;1 788 994    ; 280 364    ; 15,7    ; 335 185    ; 18,7    ; 256 465    ; 14,3    ; 548 279    ; 30,8    ; 130 514    ; 46,7    ;1 000 067    ; 1,8    ; 543 396    ; 54,3    ; 174 309    ; 17,4    ; 47 486    ; 27,2    ; 755,3    ; 2 369    ; 18 137    ; 17 258    ; 96 782    ; 17 766    ; 84 823    ; 24 991    ; 11 959    ; 656 459;53,8; 71 125;5,8; 5 166;2,7; 10 556;5,4; 178 824;10,0; 50 102;21,4; 99 059; 915 670; 35 567; 244 763; 917 234; 6 001; 184 509;20,1;75,7;38,8; 86 680;9,5; 26 775;30,9;  515; 3 025; 3 212; 1 034;  245; 92 983;51,0;44,4; 4 593; 1 311; 1 669;432; 609 526;  341
